step,evaluation_loss
2.500000000000000000e+02,1.288232684135437012e+00
5.000000000000000000e+02,4.216367602348327637e-01
