step,evaluation_loss
2.500000000000000000e+02,1.288228750228881836e+00
5.000000000000000000e+02,4.216347634792327881e-01
