step,training_loss
5.000000000000000000e+02,3.532200000000000006e+00
